0,Black Panther
1,son
2,father
3,son
4,father
5,son
6,father
7,father
8,father
9,father
10,father
11,son
12,father
13,son
14,njobu
15,james
16,njobu
17,james
18,njobu
19,james
20,njobu
21,doramilaje
22,njobu
23,doramilaje
24,njobu
25,T'Chaka
26,njobu
27,T'Chaka
28,njobu
29,T'Chaka
30,T'Chaka
31,T'Chaka
32,njobu
33,T'Chaka
34,njobu
35,T'Chaka
36,james
37,njobu
38,njobu
39,james
40,njobu
41,T'Chaka
42,T'Chaka
43,Okoye
44,Black Panther
45,Okoye
46,Black Panther
47,militantleader
48,militantleader
49,militantleader
50,Nakia
51,Black Panther
52,Okoye
53,Nakia
54,Black Panther
55,Black Panther
56,Nakia
57,Okoye
58,Okoye
59,Black Panther
60,Nakia
61,ramonda
62,Okoye
63,ayo
64,Okoye
65,Black Panther
66,Black Panther
67,Black Panther
68,Black Panther
69,Black Panther
70,ramonda
71,Black Panther
72,ramonda
73,museumdirector
74,Killmonger
75,museumdirector
76,Killmonger
77,Killmonger
78,museumdirector
79,Killmonger
80,museumdirector
81,Killmonger
82,museumdirector
83,Killmonger
84,Killmonger
85,museumdirector
86,Killmonger
87,museumdirector
88,Killmonger
89,securityguard
90,Killmonger
91,Killmonger
92,securityguard
93,linda
94,later
95,klaue
96,limbani
97,klaue
98,Killmonger
99,klaue
100,klaue
101,klaue
102,klaue
103,Killmonger
104,klaue
105,Killmonger
106,klaue
107,Killmonger
108,later
109,wakandan
110,crowd
111,Zuri
112,Zuri
113,Zuri
114,crowd
115,Zuri
116,merchant
117,tribeelder
118,bordertribeelder
119,rivertribeelder
120,Zuri
121,backinthepool
122,Shuri
123,ramonda
124,backinthepool
125,Zuri
126,M'Baku
127,M'Baku
128,M'Baku
129,Black Panther
130,M'Baku
131,Zuri
132,M'Baku
133,M'Baku
134,ramonda
135,Black Panther
136,Black Panther
137,M'Baku
138,Black Panther
139,Black Panther
140,Black Panther
141,Zuri
142,Black Panther
143,Zuri
144,Black Panther
145,Zuri
146,Zuri
147,Black Panther
148,T'Chaka
149,Black Panther
150,T'Chaka
151,T'Chaka
152,Black Panther
153,T'Chaka
154,Black Panther
155,T'Chaka
156,Black Panther
157,T'Chaka
158,Zuri
159,Black Panther
160,Black Panther
161,Nakia
162,Black Panther
163,Nakia
164,Black Panther
165,Nakia
166,Black Panther
167,Nakia
168,Nakia
169,Black Panther
170,Nakia
171,Black Panther
172,W'Kabi
173,W'Kabi
174,W'Kabi
175,Black Panther
176,Black Panther
177,W'Kabi
178,W'Kabi
179,Black Panther
180,Okoye
181,Black Panther
182,merchant
183,tribeelder
184,W'Kabi
185,Okoye
186,W'Kabi
187,Black Panther
188,W'Kabi
189,wakandan
190,Black Panther
191,Black Panther
192,Shuri
193,Shuri
194,Shuri
195,Shuri
196,Black Panther
197,Shuri
198,Shuri
199,Black Panther
200,Shuri
201,Shuri
202,Shuri
203,Shuri
204,Shuri
205,Black Panther
206,Black Panther
207,Black Panther
208,Black Panther
209,Black Panther
210,Black Panther
211,Shuri
212,Shuri
213,Black Panther
214,Black Panther
215,Okoye
216,elderlywoman
217,elderlywoman
218,Black Panther
219,Black Panther
220,Nakia
221,Black Panther
222,Nakia
223,Okoye
224,Okoye
225,Okoye
226,Nakia
227,Nakia
228,Okoye
229,Black Panther
230,Black Panther
231,Thaddeus Ross
232,Black Panther
233,Thaddeus Ross
234,Black Panther
235,Thaddeus Ross
236,Thaddeus Ross
237,Black Panther
238,Thaddeus Ross
239,Thaddeus Ross
240,Thaddeus Ross
241,Black Panther
242,Nakia
243,Black Panther
244,Okoye
245,Black Panther
246,Nakia
247,Nakia
248,Okoye
249,Okoye
250,Nakia
251,Okoye
252,Thaddeus Ross
253,klaue
254,klaue
255,klaue
256,Thaddeus Ross
257,klaue
258,klaue
259,Nakia
260,klaue
261,Thaddeus Ross
262,Nakia
263,Black Panther
264,Thaddeus Ross
265,klaue
266,Nakia
267,Nakia
268,Okoye
269,Okoye
270,Okoye
271,southafricantough
272,southafricantough
273,Okoye
274,klaue
275,Okoye
276,Black Panther
277,klaue
278,klaue
279,Nakia
280,Okoye
281,Black Panther
282,griot
283,Shuri
284,Black Panther
285,Shuri
286,klaue
287,Nakia
288,klaue
289,Okoye
290,Shuri
291,Shuri
292,Black Panther
293,Shuri
294,Shuri
295,Black Panther
296,Okoye
297,klaue
298,Nakia
299,Okoye
300,Nakia
301,Nakia
302,klaue
303,Shuri
304,Black Panther
305,Nakia
306,klaue
307,Okoye
308,Nakia
309,Thaddeus Ross
310,Black Panther
311,Shuri
312,Black Panther
313,Black Panther
314,Black Panther
315,klaue
316,klaue
317,Black Panther
318,Okoye
319,Nakia
320,Thaddeus Ross
321,klaue
322,Thaddeus Ross
323,Okoye
324,Black Panther
325,Black Panther
326,Thaddeus Ross
327,Okoye
328,Thaddeus Ross
329,Black Panther
330,Thaddeus Ross
331,Black Panther
332,Thaddeus Ross
333,Black Panther
334,Okoye
335,Thaddeus Ross
336,klaue
337,Thaddeus Ross
338,klaue
339,Thaddeus Ross
340,klaue
341,klaue
342,Thaddeus Ross
343,klaue
344,Thaddeus Ross
345,klaue
346,Thaddeus Ross
347,klaue
348,klaue
349,klaue
350,klaue
351,Black Panther
352,Nakia
353,Thaddeus Ross
354,Nakia
355,klaue
356,Okoye
357,Okoye
358,Nakia
359,Nakia
360,Black Panther
361,Black Panther
362,Black Panther
363,Okoye
364,Nakia
365,Okoye
366,Nakia
367,Okoye
368,Black Panther
369,Shuri
370,Shuri
371,Shuri
372,W'Kabi
373,Black Panther
374,Black Panther
375,W'Kabi
376,limbani
377,Killmonger
378,klaue
379,Killmonger
380,Killmonger
381,klaue
382,Killmonger
383,klaue
384,linda
385,Killmonger
386,klaue
387,klaue
388,Killmonger
389,Killmonger
390,klaue
391,klaue
392,Black Panther
393,Zuri
394,Black Panther
395,Zuri
396,Zuri
397,Black Panther
398,Zuri
399,Black Panther
400,Zuri
401,njobu
402,Zuri
403,Black Panther
404,Zuri
405,Black Panther
406,T'Chaka
407,Zuri
408,Zuri
409,Zuri
410,T'Chaka
411,Black Panther
412,Zuri
413,Zuri
414,W'Kabi
415,Killmonger
416,W'Kabi
417,Thaddeus Ross
418,Shuri
419,Thaddeus Ross
420,Shuri
421,Thaddeus Ross
422,Thaddeus Ross
423,Thaddeus Ross
424,Thaddeus Ross
425,Thaddeus Ross
426,Thaddeus Ross
427,okoyeprojection
428,okoyeprojection
429,okoyeprojection
430,okoyeprojection
431,Thaddeus Ross
432,Black Panther
433,Nakia
434,Black Panther
435,Thaddeus Ross
436,Black Panther
437,Shuri
438,rivertribeelder
439,miningtribeelder
440,Black Panther
441,W'Kabi
442,Black Panther
443,Killmonger
444,Killmonger
445,Black Panther
446,Killmonger
447,Black Panther
448,Killmonger
449,Black Panther
450,ramonda
451,Killmonger
452,Shuri
453,Black Panther
454,Killmonger
455,rivertribeelder
456,Killmonger
457,miningtribeelder
458,Killmonger
459,ramonda
460,W'Kabi
461,miningtribeelder
462,ramonda
463,bordertribeelder
464,ramonda
465,rivertribeelder
466,Killmonger
467,ramonda
468,Black Panther
469,Shuri
470,Zuri
471,Okoye
472,Black Panther
473,Killmonger
474,i
475,Killmonger
476,Zuri
477,Black Panther
478,Shuri
479,Nakia
480,Killmonger
481,Black Panther
482,Okoye
483,Zuri
484,Killmonger
485,Killmonger
486,Killmonger
487,ayo
488,Killmonger
489,Killmonger
490,Okoye
491,Okoye
492,i
493,Okoye
494,Nakia
495,Okoye
496,Okoye
497,Nakia
498,Okoye
499,Nakia
500,Okoye
501,Nakia
502,Okoye
503,Nakia
504,Thaddeus Ross
505,Nakia
506,Nakia
507,ramonda
508,Nakia
509,ramonda
510,Nakia
511,ramonda
512,shaman
513,Killmonger
514,njobu
515,Killmonger
516,njobu
517,Killmonger
518,njobu
519,Killmonger
520,njobu
521,njobu
522,shaman
523,Killmonger
524,Killmonger
525,shaman
526,Killmonger
527,shaman
528,Killmonger
529,Nakia
530,Killmonger
531,Killmonger
532,Killmonger
533,Okoye
534,W'Kabi
535,Killmonger
536,Thaddeus Ross
537,Nakia
538,Thaddeus Ross
539,Shuri
540,Nakia
541,ramonda
542,Nakia
543,ramonda
544,Nakia
545,M'Baku
546,Nakia
547,M'Baku
548,Shuri
549,M'Baku
550,Thaddeus Ross
551,M'Baku
552,M'Baku
553,Nakia
554,M'Baku
555,Nakia
556,M'Baku
557,M'Baku
558,Shuri
559,M'Baku
560,Shuri
561,M'Baku
562,ramonda
563,ramonda
564,ramonda
565,Nakia
566,Thaddeus Ross
567,Shuri
568,Nakia
569,T'Chaka
570,T'Chaka
571,Black Panther
572,Black Panther
573,T'Chaka
574,Black Panther
575,T'Chaka
576,Black Panther
577,Black Panther
578,Nakia
579,Thaddeus Ross
580,Thaddeus Ross
581,Black Panther
582,Shuri
583,Black Panther
584,Black Panther
585,ramonda
586,Shuri
587,Black Panther
588,ramonda
589,Black Panther
590,Shuri
591,Shuri
592,Nakia
593,Thaddeus Ross
594,Thaddeus Ross
595,M'Baku
596,Black Panther
597,M'Baku
598,Black Panther
599,M'Baku
600,Black Panther
601,M'Baku
602,Black Panther
603,M'Baku
604,Black Panther
605,M'Baku
606,W'Kabi
607,Killmonger
608,W'Kabi
609,Killmonger
610,Killmonger
611,Okoye
612,Black Panther
613,Killmonger
614,Black Panther
615,Black Panther
616,Shuri
617,Shuri
618,Killmonger
619,Okoye
620,W'Kabi
621,Okoye
622,Okoye
623,downhill
624,dragonflyer
625,Black Panther
626,Black Panther
627,Thaddeus Ross
628,Thaddeus Ross
629,Nakia
630,Thaddeus Ross
631,Nakia
632,doramilaje
633,griot
634,Shuri
635,Shuri
636,Thaddeus Ross
637,downhill
638,Okoye
639,Okoye
640,Thaddeus Ross
641,Thaddeus Ross
642,airspace
643,Thaddeus Ross
644,airspace
645,Thaddeus Ross
646,downhill
647,Killmonger
648,Black Panther
649,Black Panther
650,Black Panther
651,Shuri
652,Killmonger
653,Killmonger
654,Black Panther
655,Killmonger
656,Killmonger
657,Killmonger
658,Shuri
659,Shuri
660,Nakia
661,Thaddeus Ross
662,Thaddeus Ross
663,griot
664,Thaddeus Ross
665,dragonflyer
666,Shuri
667,Thaddeus Ross
668,griot
669,Thaddeus Ross
670,Shuri
671,W'Kabi
672,W'Kabi
673,Okoye
674,M'Baku
675,griot
676,griot
677,Thaddeus Ross
678,Shuri
679,griot
680,Shuri
681,griot
682,Thaddeus Ross
683,W'Kabi
684,Okoye
685,Killmonger
686,Killmonger
687,Killmonger
688,Killmonger
689,Black Panther
690,Killmonger
691,Black Panther
692,Nakia
693,Black Panther
694,Black Panther
695,Shuri
696,Black Panther
697,Shuri
698,Black Panther
699,Black Panther
700,Black Panther
701,Shuri
702,oakland
703,kid
704,oaklandkid
705,oakland
706,youngblackkid
707,oakland
708,kid
709,oaklandkid
710,oaklandkid
711,oaklandkid
712,oaklandkid
713,oaklandkid
714,oaklandkid
715,youngblackkid
716,youngblackkid
717,Black Panther
718,Black Panther
719,Shuri
720,wakandan
721,Shuri
722,wakandan
723,Shuri
724,The Winter Soldier
725,Shuri
726,The Winter Soldier
727,Shuri
