0,Iron Man
1,Christine Everhart
2,Iron Man
3,Dr. Christine Palmer
4,Iron Man
5,Iron Man
6,antonvanko
7,Whiplash
8,antonvanko
9,man
10,Iron Man
11,manincrowd
12,Iron Man
13,womanincrowd
14,Iron Man
15,Howard Stark
16,reporter
17,Happy Hogan
18,Iron Man
19,Happy Hogan
20,Iron Man
21,people
22,Iron Man
23,woman
24,Happy Hogan
25,Iron Man
26,Happy Hogan
27,Iron Man
28,Happy Hogan
29,Iron Man
30,larry
31,Happy Hogan
32,Iron Man
33,Happy Hogan
34,Iron Man
35,Happy Hogan
36,Iron Man
37,Happy Hogan
38,Iron Man
39,Happy Hogan
40,Iron Man
41,woman
42,Iron Man
43,marshal
44,Iron Man
45,marshal
46,Iron Man
47,marshal
48,Iron Man
49,marshal
50,Iron Man
51,Happy Hogan
52,Iron Man
53,marshal
54,Iron Man
55,marshal
56,Happy Hogan
57,marshal
58,Iron Man
59,Happy Hogan
60,Senator Stern
61,Iron Man
62,Senator Stern
63,Iron Man
64,Senator Stern
65,Iron Man
66,Senator Stern
67,Iron Man
68,Senator Stern
69,Iron Man
70,Senator Stern
71,Iron Man
72,Senator Stern
73,Iron Man
74,Senator Stern
75,Iron Man
76,Senator Stern
77,Iron Man
78,Senator Stern
79,Iron Man
80,Senator Stern
81,Iron Man
82,Justin Hammer
83,Senator Stern
84,Iron Man
85,Iron Man
86,War Machine
87,Iron Man
88,War Machine
89,Iron Man
90,Senator Stern
91,War Machine
92,Senator Stern
93,War Machine
94,Senator Stern
95,War Machine
96,Senator Stern
97,War Machine
98,Senator Stern
99,War Machine
100,Senator Stern
101,War Machine
102,Iron Man
103,Iron Man
104,Senator Stern
105,War Machine
106,Senator Stern
107,War Machine
108,War Machine
109,Iron Man
110,Senator Stern
111,Iron Man
112,Senator Stern
113,Iron Man
114,Iron Man
115,Iron Man
116,tvjustin
117,Iron Man
118,Justin Hammer
119,Senator Stern
120,Iron Man
121,Senator Stern
122,Iron Man
123,Iron Man
124,Iron Man
125,Senator Stern
126,Iron Man
127,Senator Stern
128,Iron Man
129,Iron Man
130,Vision
131,Iron Man
132,Iron Man
133,Iron Man
134,Vision
135,Iron Man
136,Vision
137,Iron Man
138,Vision
139,Vision
140,Vision
141,Iron Man
142,Pepper Potts
143,Iron Man
144,Pepper Potts
145,Iron Man
146,Pepper Potts
147,Iron Man
148,Pepper Potts
149,Iron Man
150,Pepper Potts
151,Iron Man
152,Pepper Potts
153,Iron Man
154,Pepper Potts
155,Iron Man
156,Pepper Potts
157,Iron Man
158,Pepper Potts
159,Iron Man
160,Pepper Potts
161,Iron Man
162,Pepper Potts
163,Iron Man
164,Pepper Potts
165,Iron Man
166,Pepper Potts
167,Iron Man
168,Pepper Potts
169,Iron Man
170,Pepper Potts
171,Iron Man
172,Iron Man
173,Pepper Potts
174,Iron Man
175,Pepper Potts
176,Iron Man
177,Pepper Potts
178,Iron Man
179,Pepper Potts
180,Iron Man
181,Pepper Potts
182,Iron Man
183,Pepper Potts
184,Iron Man
185,Pepper Potts
186,Iron Man
187,Pepper Potts
188,Iron Man
189,Pepper Potts
190,Iron Man
191,Pepper Potts
192,Iron Man
193,Pepper Potts
194,Iron Man
195,Pepper Potts
196,Iron Man
197,Happy Hogan
198,Iron Man
199,Happy Hogan
200,Iron Man
201,Pepper Potts
202,notary
203,Happy Hogan
204,Iron Man
205,notary
206,Iron Man
207,Pepper Potts
208,Iron Man
209,Black Widow
210,Pepper Potts
211,Iron Man
212,Happy Hogan
213,Iron Man
214,Pepper Potts
215,Iron Man
216,Pepper Potts
217,Iron Man
218,Pepper Potts
219,Iron Man
220,Pepper Potts
221,Happy Hogan
222,Black Widow
223,Happy Hogan
224,Iron Man
225,Black Widow
226,Pepper Potts
227,Iron Man
228,Pepper Potts
229,Iron Man
230,Pepper Potts
231,Iron Man
232,Pepper Potts
233,Iron Man
234,Pepper Potts
235,Iron Man
236,Happy Hogan
237,Pepper Potts
238,Iron Man
239,Happy Hogan
240,Iron Man
241,Happy Hogan
242,Iron Man
243,Black Widow
244,Iron Man
245,Black Widow
246,Iron Man
247,Pepper Potts
248,Iron Man
249,Black Widow
250,Iron Man
251,Pepper Potts
252,Iron Man
253,Pepper Potts
254,Iron Man
255,Pepper Potts
256,Black Widow
257,Iron Man
258,Black Widow
259,Iron Man
260,Black Widow
261,Pepper Potts
262,Iron Man
263,Pepper Potts
264,Iron Man
265,Pepper Potts
266,Iron Man
267,Black Widow
268,Iron Man
269,Black Widow
270,Iron Man
271,Black Widow
272,Iron Man
273,Black Widow
274,Iron Man
275,Black Widow
276,Iron Man
277,Black Widow
278,Pepper Potts
279,mrmusk
280,Pepper Potts
281,Iron Man
282,mrmusk
283,Iron Man
284,mrmusk
285,Iron Man
286,Pepper Potts
287,Iron Man
288,Pepper Potts
289,Iron Man
290,Pepper Potts
291,Iron Man
292,Pepper Potts
293,Justin Hammer
294,Iron Man
295,Justin Hammer
296,Iron Man
297,Justin Hammer
298,Dr. Christine Palmer
299,Pepper Potts
300,Iron Man
301,Pepper Potts
302,Justin Hammer
303,Dr. Christine Palmer
304,Justin Hammer
305,Dr. Christine Palmer
306,Pepper Potts
307,Dr. Christine Palmer
308,Pepper Potts
309,Justin Hammer
310,Pepper Potts
311,Iron Man
312,Pepper Potts
313,Iron Man
314,Pepper Potts
315,Dr. Christine Palmer
316,Pepper Potts
317,Iron Man
318,Justin Hammer
319,Iron Man
320,Justin Hammer
321,Iron Man
322,Dr. Christine Palmer
323,Justin Hammer
324,Dr. Christine Palmer
325,Iron Man
326,Dr. Christine Palmer
327,Iron Man
328,Justin Hammer
329,Iron Man
330,Dr. Christine Palmer
331,Justin Hammer
332,Iron Man
333,Black Widow
334,Iron Man
335,Black Widow
336,Justin Hammer
337,Iron Man
338,Justin Hammer
339,Iron Man
340,Justin Hammer
341,Iron Man
342,Justin Hammer
343,Iron Man
344,Justin Hammer
345,Iron Man
346,Justin Hammer
347,Pepper Potts
348,Black Widow
349,Pepper Potts
350,Black Widow
351,Pepper Potts
352,Black Widow
353,Pepper Potts
354,Black Widow
355,Pepper Potts
356,Black Widow
357,Justin Hammer
358,Dr. Christine Palmer
359,Justin Hammer
360,Dr. Christine Palmer
361,Justin Hammer
362,Dr. Christine Palmer
363,Justin Hammer
364,Dr. Christine Palmer
365,Justin Hammer
366,Dr. Christine Palmer
367,Pepper Potts
368,Happy Hogan
369,Pepper Potts
370,Happy Hogan
371,Pepper Potts
372,Happy Hogan
373,Pepper Potts
374,Iron Man
375,Happy Hogan
376,Iron Man
377,Happy Hogan
378,Iron Man
379,Pepper Potts
380,Iron Man
381,Pepper Potts
382,Iron Man
383,Happy Hogan
384,Iron Man
385,Pepper Potts
386,Happy Hogan
387,Iron Man
388,Happy Hogan
389,Pepper Potts
390,Iron Man
391,Pepper Potts
392,Iron Man
393,Pepper Potts
394,Iron Man
395,Whiplash
396,policeofficer
397,Iron Man
398,policeofficer
399,Iron Man
400,Iron Man
401,Whiplash
402,Iron Man
403,Whiplash
404,Iron Man
405,Whiplash
406,Iron Man
407,Whiplash
408,Iron Man
409,Whiplash
410,Senator Stern
411,Iron Man
412,Pepper Potts
413,Iron Man
414,Pepper Potts
415,Iron Man
416,Pepper Potts
417,Iron Man
418,Pepper Potts
419,Iron Man
420,Pepper Potts
421,Iron Man
422,Pepper Potts
423,Iron Man
424,Pepper Potts
425,Iron Man
426,Pepper Potts
427,Iron Man
428,Pepper Potts
429,Justin Hammer
430,jack
431,Justin Hammer
432,Whiplash
433,Justin Hammer
434,Whiplash
435,Justin Hammer
436,Whiplash
437,Justin Hammer
438,Whiplash
439,Justin Hammer
440,Whiplash
441,Justin Hammer
442,Whiplash
443,Justin Hammer
444,Whiplash
445,Justin Hammer
446,Pepper Potts
447,Black Widow
448,Pepper Potts
449,War Machine
450,Black Widow
451,Pepper Potts
452,newsreader
453,Pepper Potts
454,newsreader
455,Pepper Potts
456,Vision
457,War Machine
458,Iron Man
459,War Machine
460,Iron Man
461,War Machine
462,Iron Man
463,War Machine
464,Iron Man
465,War Machine
466,Iron Man
467,War Machine
468,Iron Man
469,Justin Hammer
470,Whiplash
471,Justin Hammer
472,Whiplash
473,Justin Hammer
474,Whiplash
475,Justin Hammer
476,Whiplash
477,Justin Hammer
478,Black Widow
479,Iron Man
480,Black Widow
481,Iron Man
482,Black Widow
483,Iron Man
484,Black Widow
485,Iron Man
486,Black Widow
487,Iron Man
488,Black Widow
489,person
490,person
491,War Machine
492,Pepper Potts
493,War Machine
494,Pepper Potts
495,War Machine
496,Pepper Potts
497,War Machine
498,Pepper Potts
499,War Machine
500,Iron Man
501,Pepper Potts
502,Iron Man
503,Pepper Potts
504,Iron Man
505,Pepper Potts
506,Iron Man
507,Pepper Potts
508,Iron Man
509,Pepper Potts
510,Iron Man
511,Pepper Potts
512,Iron Man
513,Pepper Potts
514,Iron Man
515,Pepper Potts
516,Iron Man
517,Pepper Potts
518,Iron Man
519,War Machine
520,Iron Man
521,goldstein
522,Iron Man
523,War Machine
524,Iron Man
525,War Machine
526,Pepper Potts
527,Black Widow
528,Pepper Potts
529,Happy Hogan
530,Iron Man
531,War Machine
532,Iron Man
533,War Machine
534,Iron Man
535,War Machine
536,Iron Man
537,War Machine
538,Iron Man
539,War Machine
540,Iron Man
541,War Machine
542,Major Allen
543,War Machine
544,Major Allen
545,War Machine
546,Major Allen
547,Nick Fury
548,Iron Man
549,Nick Fury
550,Iron Man
551,Nick Fury
552,Iron Man
553,Nick Fury
554,Iron Man
555,shieldagent
556,Iron Man
557,Black Widow
558,Nick Fury
559,Iron Man
560,Iron Man
561,Nick Fury
562,Iron Man
563,Nick Fury
564,Black Widow
565,Iron Man
566,Nick Fury
567,Iron Man
568,Nick Fury
569,Iron Man
570,Black Widow
571,Nick Fury
572,Iron Man
573,Nick Fury
574,Justin Hammer
575,Whiplash
576,Justin Hammer
577,jack
578,Justin Hammer
579,Whiplash
580,Justin Hammer
581,jack
582,Justin Hammer
583,Whiplash
584,Justin Hammer
585,Whiplash
586,Justin Hammer
587,Whiplash
588,Justin Hammer
589,general
590,War Machine
591,general
592,War Machine
593,general
594,War Machine
595,general
596,War Machine
597,general
598,War Machine
599,general
600,War Machine
601,Nick Fury
602,Iron Man
603,Nick Fury
604,Iron Man
605,Nick Fury
606,Iron Man
607,Nick Fury
608,Iron Man
609,Nick Fury
610,Iron Man
611,Nick Fury
612,Iron Man
613,Nick Fury
614,Iron Man
615,Nick Fury
616,Iron Man
617,Nick Fury
618,Iron Man
619,Nick Fury
620,Iron Man
621,Nick Fury
622,Iron Man
623,Nick Fury
624,Iron Man
625,Nick Fury
626,Iron Man
627,Coulson
628,Iron Man
629,Coulson
630,Major Allen
631,War Machine
632,Major Allen
633,Justin Hammer
634,War Machine
635,Justin Hammer
636,War Machine
637,Justin Hammer
638,War Machine
639,Justin Hammer
640,War Machine
641,Justin Hammer
642,howard
643,man
644,howard
645,man
646,howard
647,Iron Man
648,strawberryman
649,Iron Man
650,strawberryman
651,Iron Man
652,strawberryman
653,Iron Man
654,strawberryman
655,Iron Man
656,strawberryman
657,Pepper Potts
658,pa
659,Iron Man
660,pa
661,Iron Man
662,pa
663,Iron Man
664,Pepper Potts
665,newsreporter
666,Pepper Potts
667,newsreporter
668,Pepper Potts
669,newsreporter
670,Pepper Potts
671,newsreporter
672,Pepper Potts
673,newsreporter
674,Pepper Potts
675,newsreporter
676,Iron Man
677,Pepper Potts
678,Iron Man
679,Pepper Potts
680,Iron Man
681,Pepper Potts
682,Iron Man
683,Pepper Potts
684,Iron Man
685,Pepper Potts
686,Iron Man
687,Pepper Potts
688,Iron Man
689,Pepper Potts
690,Iron Man
691,Pepper Potts
692,Iron Man
693,Pepper Potts
694,Iron Man
695,Pepper Potts
696,Iron Man
697,Pepper Potts
698,Iron Man
699,Black Widow
700,Pepper Potts
701,Black Widow
702,Pepper Potts
703,Happy Hogan
704,Iron Man
705,Pepper Potts
706,Iron Man
707,Pepper Potts
708,Iron Man
709,Pepper Potts
710,Black Widow
711,Iron Man
712,Black Widow
713,Iron Man
714,Black Widow
715,Iron Man
716,Iron Man
717,Vision
718,Iron Man
719,Vision
720,Iron Man
721,Vision
722,Iron Man
723,Vision
724,Iron Man
725,Vision
726,Iron Man
727,Coulson
728,Iron Man
729,Coulson
730,Iron Man
731,Coulson
732,Iron Man
733,Coulson
734,Iron Man
735,Coulson
736,Iron Man
737,Coulson
738,Iron Man
739,Coulson
740,Iron Man
741,Coulson
742,Iron Man
743,Coulson
744,Vision
745,Iron Man
746,Vision
747,Justin Hammer
748,Whiplash
749,Justin Hammer
750,Whiplash
751,Justin Hammer
752,Whiplash
753,Justin Hammer
754,Whiplash
755,Justin Hammer
756,Whiplash
757,Justin Hammer
758,Justin Hammer
759,Whiplash
760,Justin Hammer
761,Whiplash
762,Justin Hammer
763,Iron Man
764,Vision
765,Iron Man
766,Whiplash
767,Iron Man
768,Whiplash
769,Iron Man
770,Whiplash
771,Iron Man
772,Vision
773,Whiplash
774,Iron Man
775,Vision
776,Whiplash
777,Iron Man
778,Vision
779,Whiplash
780,Vision
781,Vision
782,Iron Man
783,Vision
784,Iron Man
785,Happy Hogan
786,Pepper Potts
787,announcer
788,Justin Hammer
789,Pepper Potts
790,Justin Hammer
791,Pepper Potts
792,Justin Hammer
793,Iron Man
794,War Machine
795,Iron Man
796,Justin Hammer
797,Iron Man
798,War Machine
799,Iron Man
800,War Machine
801,Justin Hammer
802,Iron Man
803,Justin Hammer
804,Iron Man
805,Justin Hammer
806,Iron Man
807,Justin Hammer
808,War Machine
809,Iron Man
810,War Machine
811,Iron Man
812,War Machine
813,Iron Man
814,Vision
815,War Machine
816,Iron Man
817,War Machine
818,Justin Hammer
819,technician
820,Justin Hammer
821,technician
822,Justin Hammer
823,jack
824,Justin Hammer
825,jack
826,technician
827,Pepper Potts
828,Justin Hammer
829,Pepper Potts
830,Justin Hammer
831,Black Widow
832,Justin Hammer
833,Black Widow
834,Justin Hammer
835,Pepper Potts
836,Justin Hammer
837,Pepper Potts
838,Justin Hammer
839,Pepper Potts
840,Iron Man
841,Vision
842,securityguard
843,Happy Hogan
844,Black Widow
845,Happy Hogan
846,Black Widow
847,Happy Hogan
848,Iron Man
849,War Machine
850,Iron Man
851,Black Widow
852,Happy Hogan
853,War Machine
854,Iron Man
855,War Machine
856,Black Widow
857,Happy Hogan
858,Black Widow
859,Happy Hogan
860,Black Widow
861,Happy Hogan
862,secondguard
863,technician
864,Pepper Potts
865,Justin Hammer
866,announcement
867,securityguard
868,Happy Hogan
869,Iron Man
870,War Machine
871,Iron Man
872,War Machine
873,Black Widow
874,Iron Man
875,Happy Hogan
876,Black Widow
877,War Machine
878,Black Widow
879,Iron Man
880,Black Widow
881,Iron Man
882,Pepper Potts
883,Iron Man
884,Pepper Potts
885,Iron Man
886,Pepper Potts
887,Iron Man
888,Pepper Potts
889,Iron Man
890,Black Widow
891,Iron Man
892,Pepper Potts
893,Iron Man
894,Pepper Potts
895,Iron Man
896,Pepper Potts
897,Iron Man
898,Pepper Potts
899,Iron Man
900,War Machine
901,Iron Man
902,War Machine
903,Iron Man
904,War Machine
905,Iron Man
906,War Machine
907,Iron Man
908,War Machine
909,Iron Man
910,War Machine
911,Iron Man
912,War Machine
913,Iron Man
914,War Machine
915,Iron Man
916,War Machine
917,Iron Man
918,War Machine
919,Iron Man
920,War Machine
921,Iron Man
922,War Machine
923,Iron Man
924,War Machine
925,Iron Man
926,Justin Hammer
927,Pepper Potts
928,Justin Hammer
929,policeofficer
930,Justin Hammer
931,policeofficer
932,Justin Hammer
933,Pepper Potts
934,policeofficer
935,Pepper Potts
936,policeofficer
937,Pepper Potts
938,policeofficer
939,Black Widow
940,Whiplash
941,War Machine
942,Iron Man
943,War Machine
944,Iron Man
945,War Machine
946,Iron Man
947,War Machine
948,Iron Man
949,War Machine
950,Iron Man
951,Whiplash
952,War Machine
953,Iron Man
954,Pepper Potts
955,Iron Man
956,Pepper Potts
957,Iron Man
958,Pepper Potts
959,Iron Man
960,Pepper Potts
961,Iron Man
962,Pepper Potts
963,Iron Man
964,Pepper Potts
965,Iron Man
966,Pepper Potts
967,Iron Man
968,Pepper Potts
969,Iron Man
970,Pepper Potts
971,Iron Man
972,Pepper Potts
973,Iron Man
974,Pepper Potts
975,Iron Man
976,Pepper Potts
977,Iron Man
978,Pepper Potts
979,Iron Man
980,Pepper Potts
981,Iron Man
982,War Machine
983,Pepper Potts
984,Iron Man
985,War Machine
986,Iron Man
987,War Machine
988,Iron Man
989,War Machine
990,Iron Man
991,War Machine
992,Iron Man
993,War Machine
994,Iron Man
995,Nick Fury
996,Iron Man
997,Nick Fury
998,Iron Man
999,Nick Fury
1000,Iron Man
1001,Nick Fury
1002,Senator Stern
1003,War Machine
1004,Senator Stern
1005,Coulson
