0,avengers
1,Pym
2,janet
3,younghope
4,janet
5,younghope
6,janet
7,Pym
8,Pym
9,Pym
10,janet
11,Pym
12,janet
13,Pym
14,Pym
15,janet
16,Pym
17,Pym
18,Pym
19,Pym
20,Pym
21,Wasp
22,Pym
23,Ant-Man
24,Cassie Lang
25,Ant-Man
26,Cassie Lang
27,Ant-Man
28,Ant-Man
29,Ant-Man
30,Ant-Man
31,Cassie Lang
32,Ant-Man
33,Ant-Man
34,Cassie Lang
35,Ant-Man
36,Cassie Lang
37,Ant-Man
38,Cassie Lang
39,Ant-Man
40,Cassie Lang
41,Ant-Man
42,Cassie Lang
43,Ant-Man
44,Cassie Lang
45,Luis
46,Ant-Man
47,Luis
48,Ant-Man
49,Luis
50,Ant-Man
51,Luis
52,Ant-Man
53,Luis
54,Ant-Man
55,Luis
56,Cassie Lang
57,Cassie Lang
58,Ant-Man
59,Ant-Man
60,Cassie Lang
61,Ant-Man
62,Luis
63,Ant-Man
64,Luis
65,Cassie Lang
66,Ant-Man
67,woo
68,Ant-Man
69,Cassie Lang
70,Ant-Man
71,Cassie Lang
72,woo
73,Ant-Man
74,woo
75,Ant-Man
76,woo
77,Ant-Man
78,Cassie Lang
79,Ant-Man
80,woo
81,Ant-Man
82,woo
83,Ant-Man
84,Maggie Lang
85,Paxton
86,Maggie Lang
87,Paxton
88,Maggie Lang
89,Maggie Lang
90,Cassie Lang
91,Maggie Lang
92,Paxton
93,Ant-Man
94,Paxton
95,Maggie Lang
96,Cassie Lang
97,Ant-Man
98,Maggie Lang
99,Paxton
100,Cassie Lang
101,Ant-Man
102,maninthevideo
103,Ant-Man
104,Ant-Man
105,janet
106,younghope
107,Ant-Man
108,Ant-Man
109,Ant-Man
110,Wasp
111,Ant-Man
112,Wasp
113,Ant-Man
114,Wasp
115,Luis
116,Wasp
117,Ant-Man
118,Wasp
119,Ant-Man
120,Wasp
121,Ant-Man
122,Wasp
123,Ant-Man
124,Wasp
125,Ant-Man
126,Wasp
127,Ant-Man
128,Wasp
129,Ant-Man
130,Pym
131,Wasp
132,Ant-Man
133,Wasp
134,Ant-Man
135,hanks
136,Ant-Man
137,Pym
138,Ant-Man
139,Pym
140,Wasp
141,Ant-Man
142,Pym
143,Ant-Man
144,Pym
145,Ant-Man
146,Pym
147,Ant-Man
148,Wasp
149,Ant-Man
150,Wasp
151,Ant-Man
152,Wasp
153,Ant-Man
154,Wasp
155,Ant-Man
156,Pym
157,Ant-Man
158,Wasp
159,Ant-Man
160,Wasp
161,Ant-Man
162,Wasp
163,Ant-Man
164,Wasp
165,Pym
166,Wasp
167,Pym
168,Wasp
169,Pym
170,Wasp
171,Ant-Man
172,Wasp
173,Ant-Man
174,Wasp
175,Pym
176,Ant-Man
177,Pym
178,timeremaining
