0,asgardianpa
1,Ebony Maw
2,Thanos
3,Thor
4,Thanos
5,Loki
6,Loki
7,Thor
8,Thor
9,Loki
10,Thanos
11,Loki
12,Ebony Maw
13,Heimdall
14,Thanos
15,Thor
16,Ebony Maw
17,Ebony Maw
18,Thanos
19,Proxima Midnight
20,Loki
21,Thanos
22,Loki
23,Thanos
24,Loki
25,Thanos
26,Thor
27,Doctor Strange
28,Wong
29,Doctor Strange
30,Wong
31,Doctor Strange
32,Wong
33,Doctor Strange
34,Wong
35,Doctor Strange
36,Wong
37,Hulk
38,Doctor Strange
39,Iron Man
40,Pepper Potts
41,Iron Man
42,Pepper Potts
43,Iron Man
44,Pepper Potts
45,Iron Man
46,Pepper Potts
47,Iron Man
48,Pepper Potts
49,Iron Man
50,Pepper Potts
51,Iron Man
52,Pepper Potts
53,Iron Man
54,Pepper Potts
55,Iron Man
56,Pepper Potts
57,Iron Man
58,Pepper Potts
59,Iron Man
60,Pepper Potts
61,Iron Man
62,Pepper Potts
63,Iron Man
64,Pepper Potts
65,Iron Man
66,Pepper Potts
67,Iron Man
68,Pepper Potts
69,Iron Man
70,Doctor Strange
71,Iron Man
72,Doctor Strange
73,Iron Man
74,Hulk
75,Iron Man
76,Hulk
77,Pepper Potts
78,Iron Man
79,Wong
80,Doctor Strange
81,Iron Man
82,Hulk
83,Iron Man
84,Hulk
85,Doctor Strange
86,Iron Man
87,Doctor Strange
88,Iron Man
89,Iron Man
90,Doctor Strange
91,Wong
92,Iron Man
93,Doctor Strange
94,Iron Man
95,Doctor Strange
96,Wong
97,Hulk
98,Iron Man
99,Doctor Strange
100,Iron Man
101,Doctor Strange
102,Iron Man
103,Doctor Strange
104,Hulk
105,Iron Man
106,Hulk
107,Iron Man
108,Hulk
109,Iron Man
110,Doctor Strange
111,Iron Man
112,Doctor Strange
113,Iron Man
114,Hulk
115,Iron Man
116,Hulk
117,Iron Man
118,Hulk
119,Iron Man
120,Hulk
121,Iron Man
122,Doctor Strange
123,Iron Man
124,Iron Man
125,Hulk
126,Iron Man
127,Friday
128,Iron Man
129,Doctor Strange
130,Spider-Man
131,nedleeds
132,yourbusdriverstanlee
133,Iron Man
134,Friday
135,Ebony Maw
136,Iron Man
137,Ebony Maw
138,Doctor Strange
139,Iron Man
140,Ebony Maw
141,Cull Obsidian
142,Ebony Maw
143,Cull Obsidian
144,Iron Man
145,Hulk
146,Iron Man
147,Iron Man
148,Hulk
149,Iron Man
150,Hulk
151,Iron Man
152,Hulk
153,Iron Man
154,Iron Man
155,Hulk
156,Iron Man
157,Wong
158,Hulk
159,Hulk
160,Iron Man
161,Doctor Strange
162,Iron Man
163,Doctor Strange
164,Iron Man
165,Hulk
166,Iron Man
167,Hulk
168,Iron Man
169,Hulk
170,Hulk
171,Hulk
172,Spider-Man
173,Iron Man
174,Spider-Man
175,Spider-Man
176,Iron Man
177,Ebony Maw
178,Doctor Strange
179,Ebony Maw
180,Doctor Strange
181,Ebony Maw
182,Iron Man
183,Spider-Man
184,Spider-Man
185,Spider-Man
186,Iron Man
187,Iron Man
188,Spider-Man
189,Iron Man
190,Spider-Man
191,Spider-Man
192,Iron Man
193,Friday
194,Spider-Man
195,Friday
196,Pepper Potts
197,Iron Man
198,Pepper Potts
199,Iron Man
200,Pepper Potts
201,Iron Man
202,Pepper Potts
203,Iron Man
204,Pepper Potts
205,Iron Man
206,Pepper Potts
207,Friday
208,Spider-Man
209,Hulk
210,Wong
211,Hulk
212,Star-Lord
213,Rocket
214,Gamora
215,Rocket
216,Star-Lord
217,Gamora
218,Star-Lord
219,Drax
220,Rocket
221,Star-Lord
222,Mantis
223,Star-Lord
224,Groot
225,Star-Lord
226,Rocket
227,Gamora
228,Drax
229,Star-Lord
230,Rocket
231,Mantis
232,Rocket
233,Rocket
234,Star-Lord
235,Drax
236,Star-Lord
237,Rocket
238,Star-Lord
239,Drax
240,Star-Lord
241,Mantis
242,Drax
243,Star-Lord
244,Rocket
245,Gamora
246,Star-Lord
247,Mantis
248,Thor
249,Gamora
250,Drax
251,Gamora
252,Thor
253,Drax
254,Thor
255,Star-Lord
256,Thor
257,Star-Lord
258,Thor
259,Star-Lord
260,Thor
261,Star-Lord
262,Rocket
263,Star-Lord
264,Drax
265,Star-Lord
266,Mantis
267,Star-Lord
268,Thor
269,Star-Lord
270,Thor
271,Star-Lord
272,Thor
273,Gamora
274,Thor
275,Mantis
276,Star-Lord
277,Thor
278,Gamora
279,Thor
280,Star-Lord
281,Thor
282,Gamora
283,Thor
284,Star-Lord
285,Thor
286,Mantis
287,Thor
288,Gamora
289,Thor
290,Drax
291,Thor
292,Rocket
293,Thor
294,Rocket
295,Thor
296,Rocket
297,Thor
298,Rocket
299,Thor
300,Star-Lord
301,Thor
302,Star-Lord
303,Rocket
304,Star-Lord
305,Thor
306,Star-Lord
307,Thor
308,Rocket
309,Thor
310,Gamora
311,Thor
312,Rocket
313,Thor
314,Star-Lord
315,Rocket
316,Thor
317,Vision
318,Scarlet Witch
319,Vision
320,Scarlet Witch
321,Vision
322,Vision
323,Scarlet Witch
324,Scarlet Witch
325,Vision
326,Scarlet Witch
327,Vision
328,Scarlet Witch
329,Vision
330,Scarlet Witch
331,Vision
332,Scarlet Witch
333,Vision
334,Vision
335,Vision
336,Scarlet Witch
337,Vision
338,Scarlet Witch
339,Vision
340,Scarlet Witch
341,Vision
342,Scarlet Witch
343,Vision
344,Scarlet Witch
345,Corvus Glaive
346,Scarlet Witch
347,Scarlet Witch
348,Vision
349,Scarlet Witch
350,Vision
351,Scarlet Witch
352,Proxima Midnight
353,Corvus Glaive
354,Black Widow
355,Proxima Midnight
356,Falcon
357,Vision
358,Captain America
359,Black Widow
360,Scarlet Witch
361,Falcon
362,Captain America
363,gamorasmother
364,childofthanos
365,Ebony Maw
366,Gamora
367,Ebony Maw
368,Gamora
369,Ebony Maw
370,Thanos
371,Gamora
372,Thanos
373,Gamora
374,Thanos
375,Ebony Maw
376,Thanos
377,Star-Lord
378,Gamora
379,Star-Lord
380,Gamora
381,Star-Lord
382,Gamora
383,Star-Lord
384,Gamora
385,Star-Lord
386,Gamora
387,Star-Lord
388,Gamora
389,Star-Lord
390,Gamora
391,Star-Lord
392,Gamora
393,Star-Lord
394,Star-Lord
395,Drax
396,Star-Lord
397,Drax
398,Star-Lord
399,Drax
400,Star-Lord
401,Drax
402,Mantis
403,Drax
404,Star-Lord
405,Drax
406,Star-Lord
407,collector
408,Thanos
409,Thanos
410,collector
411,Thanos
412,collector
413,Thanos
414,collector
415,Thanos
416,Drax
417,Star-Lord
418,Drax
419,Star-Lord
420,Drax
421,Mantis
422,Star-Lord
423,Thanos
424,Star-Lord
425,collector
426,Thanos
427,Thanos
428,Gamora
429,Thanos
430,Drax
431,Star-Lord
432,Gamora
433,Star-Lord
434,Gamora
435,Star-Lord
436,Thanos
437,Star-Lord
438,Gamora
439,Star-Lord
440,Gamora
441,Gamora
442,Thanos
443,Star-Lord
444,Gamora
445,Star-Lord
446,Thanos
447,Thaddeus Ross
448,War Machine
449,Thaddeus Ross
450,War Machine
451,Thaddeus Ross
452,War Machine
453,Thaddeus Ross
454,War Machine
455,Thaddeus Ross
456,War Machine
457,Captain America
458,Thaddeus Ross
459,Black Widow
460,Thaddeus Ross
461,Captain America
462,Thaddeus Ross
463,War Machine
464,Captain America
465,War Machine
466,Falcon
467,Hulk
468,Black Widow
469,Hulk
470,Falcon
471,War Machine
472,Scarlet Witch
473,Hulk
474,Black Widow
475,Hulk
476,Captain America
477,Hulk
478,Black Widow
479,Vision
480,Scarlet Witch
481,Vision
482,Scarlet Witch
483,Vision
484,Captain America
485,Vision
486,Hulk
487,Scarlet Witch
488,Hulk
489,Black Widow
490,Hulk
491,War Machine
492,Captain America
493,Okoye
494,Black Panther
495,Okoye
496,Black Panther
497,Okoye
498,Black Panther
499,The Winter Soldier
500,Black Panther
501,Ebony Maw
502,Iron Man
503,Spider-Man
504,Iron Man
505,Spider-Man
506,Iron Man
507,Spider-Man
508,Iron Man
509,Spider-Man
510,Iron Man
511,Spider-Man
512,Iron Man
513,Spider-Man
514,Iron Man
515,Spider-Man
516,Iron Man
517,Spider-Man
518,Iron Man
519,Spider-Man
520,Ebony Maw
521,Ebony Maw
522,Iron Man
523,Ebony Maw
524,Iron Man
525,Spider-Man
526,Spider-Man
527,Doctor Strange
528,Iron Man
529,Doctor Strange
530,Iron Man
531,Doctor Strange
532,Iron Man
533,Doctor Strange
534,Iron Man
535,Doctor Strange
536,Iron Man
537,Spider-Man
538,Iron Man
539,Doctor Strange
540,Spider-Man
541,Doctor Strange
542,Spider-Man
543,Iron Man
544,Doctor Strange
545,Iron Man
546,Doctor Strange
547,Iron Man
548,Doctor Strange
549,Iron Man
550,Doctor Strange
551,Iron Man
552,Thanos
553,Gamora
554,Thanos
555,Gamora
556,Thanos
557,Gamora
558,Thanos
559,Gamora
560,Thanos
561,Gamora
562,Thanos
563,Gamora
564,Thanos
565,Gamora
566,Thanos
567,Gamora
568,Thanos
569,Gamora
570,Thanos
571,Gamora
572,Gamora
573,Thanos
574,Gamora
575,Thanos
576,Gamora
577,memorynebula
578,memorygamora
579,memorynebula
580,memorygamora
581,Thanos
582,Gamora
583,Thanos
584,Groot
585,Rocket
586,Groot
587,Thor
588,Rocket
589,Thor
590,Groot
591,Thor
592,Rocket
593,Thor
594,Rocket
595,Thor
596,Rocket
597,Thor
598,Rocket
599,Thor
600,Rocket
601,Thor
602,Rocket
603,Thor
604,Rocket
605,Thor
606,Rocket
607,Thor
608,Rocket
609,Thor
610,Rocket
611,Thor
612,Rocket
613,Thor
614,Rocket
615,Thor
616,Rocket
617,Thor
618,Rocket
619,Thor
620,Rocket
621,Thor
622,Rocket
623,Thor
624,Rocket
625,Groot
626,Thor
627,Thor
628,Eitri
629,Thor
630,Eitri
631,Thor
632,Eitri
633,Thor
634,Nebula
635,Spider-Man
636,Doctor Strange
637,Iron Man
638,Spider-Man
639,Iron Man
640,Spider-Man
641,Spider-Man
642,Iron Man
643,Spider-Man
644,Iron Man
645,Spider-Man
646,Drax
647,Spider-Man
648,Star-Lord
649,Drax
650,Star-Lord
651,Iron Man
652,Drax
653,Star-Lord
654,Iron Man
655,Drax
656,Mantis
657,strange
658,Star-Lord
659,strange
660,Star-Lord
661,Iron Man
662,Star-Lord
663,Iron Man
664,Spider-Man
665,Star-Lord
666,Spider-Man
667,Star-Lord
668,Mantis
669,Iron Man
670,Star-Lord
671,Doctor Strange
672,Rocket
673,Eitri
674,Thor
675,Eitri
676,Rocket
677,Thor
678,Eitri
679,Thor
680,Star-Lord
681,Iron Man
682,Iron Man
683,Drax
684,Iron Man
685,Star-Lord
686,Spider-Man
687,Mantis
688,Drax
689,Iron Man
690,Star-Lord
691,Iron Man
692,Star-Lord
693,Drax
694,Iron Man
695,Star-Lord
696,Spider-Man
697,Star-Lord
698,Spider-Man
699,Iron Man
700,Spider-Man
701,Iron Man
702,Star-Lord
703,Iron Man
704,Mantis
705,Iron Man
706,Iron Man
707,Spider-Man
708,Doctor Strange
709,Star-Lord
710,Doctor Strange
711,Iron Man
712,strange
713,Thanos
714,stonekeeper
715,Thanos
716,stonekeeper
717,Thanos
718,stonekeeper
719,Thanos
720,stonekeeper
721,Thanos
722,Red Skull
723,Red Skull
724,Thanos
725,Red Skull
726,Thanos
727,Red Skull
728,Thanos
729,Red Skull
730,Gamora
731,Thanos
732,Gamora
733,Red Skull
734,Gamora
735,Thanos
736,Gamora
737,Captain America
738,Falcon
739,Okoye
740,Black Panther
741,Okoye
742,Hulk
743,War Machine
744,Captain America
745,War Machine
746,Black Panther
747,Hulk
748,Black Widow
749,Black Panther
750,The Winter Soldier
751,Captain America
752,The Winter Soldier
753,Shuri
754,Hulk
755,Shuri
756,Hulk
757,Shuri
758,Scarlet Witch
759,Shuri
760,Captain America
761,Shuri
762,Okoye
763,Falcon
764,The Winter Soldier
765,War Machine
766,Vision
767,Black Widow
768,Black Panther
769,Captain America
770,Scarlet Witch
771,Black Panther
772,Rocket
773,Thor
774,Rocket
775,Rocket
776,Thor
777,Eitri
778,Thor
779,Eitri
780,Rocket
781,Eitri
782,Thor
783,Eitri
784,Thor
785,Eitri
786,Thor
787,Eitri
788,Thor
789,Black Widow
790,Hulk
791,War Machine
792,jabariwarriors
793,Black Panther
794,M'Baku
795,Black Widow
796,Proxima Midnight
797,Captain America
798,Black Panther
799,Proxima Midnight
800,The Winter Soldier
801,Captain America
802,The Winter Soldier
803,Black Widow
804,Okoye
805,Falcon
806,War Machine
807,Hulk
808,Captain America
809,Okoye
810,Black Panther
811,domecontrol
812,Black Panther
813,M'Baku
814,Okoye
815,Black Panther
816,Black Panther
817,Shuri
818,Black Panther
819,Thor
820,Eitri
821,Thor
822,Eitri
823,Eitri
824,Rocket
825,Rocket
826,Eitri
827,Hulk
828,Hulk
829,Thor
830,Doctor Strange
831,Thanos
832,Doctor Strange
833,Thanos
834,Doctor Strange
835,Thanos
836,Doctor Strange
837,Thanos
838,Doctor Strange
839,Thanos
840,Doctor Strange
841,Thanos
842,Doctor Strange
843,Thanos
844,Doctor Strange
845,Thanos
846,Iron Man
847,Star-Lord
848,Star-Lord
849,strange
850,Spider-Man
851,Thanos
852,Thanos
853,Nebula
854,Thanos
855,Nebula
856,Iron Man
857,Mantis
858,Iron Man
859,Star-Lord
860,Thanos
861,Star-Lord
862,Mantis
863,Star-Lord
864,Mantis
865,Drax
866,Nebula
867,Star-Lord
868,Nebula
869,Iron Man
870,Iron Man
871,Star-Lord
872,Thanos
873,Star-Lord
874,tonystarkanddrax
875,Iron Man
876,Spider-Man
877,Spider-Man
878,Rocket
879,The Winter Soldier
880,Rocket
881,Captain America
882,Thor
883,Thor
884,Groot
885,Captain America
886,Black Panther
887,War Machine
888,Falcon
889,Okoye
890,Proxima Midnight
891,Falcon
892,Captain America
893,Hulk
894,Scarlet Witch
895,Proxima Midnight
896,Black Widow
897,Proxima Midnight
898,Hulk
899,Hulk
900,Hulk
901,Hulk
902,Hulk
903,Corvus Glaive
904,Captain America
905,Black Widow
906,Captain America
907,Vision
908,Spider-Man
909,Thanos
910,Doctor Strange
911,Thanos
912,Iron Man
913,Thanos
914,Iron Man
915,Thanos
916,Iron Man
917,Thanos
918,Thanos
919,Thanos
920,Doctor Strange
921,Thanos
922,Iron Man
923,Thanos
924,Star-Lord
925,Star-Lord
926,Star-Lord
927,Iron Man
928,Doctor Strange
929,M'Baku
930,jabari
931,Scarlet Witch
932,Vision
933,Captain America
934,Black Widow
935,Hulk
936,Captain America
937,Vision
938,Scarlet Witch
939,Vision
940,Scarlet Witch
941,Vision
942,Scarlet Witch
943,Vision
944,Scarlet Witch
945,Vision
946,Vision
947,Thanos
948,Scarlet Witch
949,Thanos
950,Scarlet Witch
951,Thor
952,Thanos
953,Thor
954,Thanos
955,Gamora
956,Thanos
957,Gamora
958,Thanos
959,Thor
960,Captain America
961,The Winter Soldier
962,Black Panther
963,Okoye
964,Groot
965,Rocket
966,War Machine
967,Mantis
968,Drax
969,Iron Man
970,Star-Lord
971,Doctor Strange
972,Spider-Man
973,Iron Man
974,Spider-Man
975,Nebula
976,War Machine
977,Captain America
978,Nick Fury
979,Maria Hill
980,Nick Fury
981,Maria Hill
982,Nick Fury
983,Maria Hill
984,Nick Fury
985,Maria Hill
986,Nick Fury
987,Maria Hill
988,Nick Fury
989,Maria Hill
990,Nick Fury
991,Nick Fury
